{
  "dimensions": {
    "width": 800,
    "height": 533
  },
  "detectedRegions": [
    {
      "x": 532.9999999999998,
      "y": 133.25,
      "contrast": 98.17626886145405,
      "confidence": 0.4847640943514757
    },
    {
      "x": 532.9999999999998,
      "y": 159.9,
      "contrast": 192.64677640603566,
      "confidence": 0.95
    },
    {
      "x": 532.9999999999998,
      "y": 186.55,
      "contrast": 99.48422496570645,
      "confidence": 0.4912223776380831
    }
  ],
  "significantRegions": 1,
  "estimatedFaceCount": 1,
  "regionCount": 3,
  "avgIntensity": 70.3646790999037,
  "stdDev": 101.26190244431743,
  "isLikelyPortrait": false
}